{"train": [0.7968164794007491, 0.8323970037453183, 0.775749063670412], "dev": [0.3188010899182561, 0.31244323342415986, 0.3478655767484105], "test": [0.318552036199095, 0.32714932126696833, 0.3411764705882353]}