{"train": [0.7332631086142322, 0.6441947565543071, 0.6602294007490637], "dev": [0.3614895549500454, 0.34332425068119893, 0.35967302452316074], "test": [0.35339366515837106, 0.318552036199095, 0.3723981900452489]}