{"model_name": "CBOW", "losses": [2832.930678630946, 2403.033203787636, 2325.145631466992, 2254.0192497443495, 2165.035330140032, 2029.2170441169292, 1924.6710280030966, 1885.9504927974194, 1797.6195194870234, 1680.6580696292222, 1619.0806154422462, 1639.2683327756822, 1627.743469145149, 1622.8426215332001, 1582.423408769071, 1594.4140042867512, 1596.2023856826127, 1406.3472229614854, 1420.8992654010653, 1485.3060198165476, 1468.5591813139617, 1468.8809026405215, 1413.1078552640975, 1489.650060299784, 1458.6934363357723, 1399.0118561424315, 1342.488390341401, 1323.519203580916, 1356.5944202393293, 1357.4505128860474, 1375.2609061822295, 1398.872246850282, 1384.3033482320607, 1352.374601367861, 1238.8875030726194, 1277.031223822385, 1242.7794323451817, 1306.6765228323638, 1277.6369891390204, 1270.6296530626714, 1291.2268832400441, 1289.2646368592978, 1277.5562229081988, 1182.8949655275792, 1173.4208623357117, 1202.147321201861, 1199.482260549441, 1174.5544090755284, 1223.6992541328073, 1220.094048185274, 1182.8927741302177, 1084.5640821196139, 1053.651291728951, 1140.00623806566, 1127.7403890993446, 1171.424450688064, 1111.1275408775546, 1119.7370310435072, 1100.0557468151674, 1124.6800589431077, 978.9596592867747, 1037.5731340888888, 1000.7291617244482, 1057.3570140944794, 1044.6276980496477, 1043.7189622737933, 1078.7833957551047, 1053.875930154696, 963.9775276714936, 902.016481413506, 1000.8013517321087, 964.2151495018043, 985.3255024135578, 936.4563935415354, 965.6176377709489, 953.2798856128938, 1001.5742854424752, 820.9505922533572, 867.5010951692238, 852.5828344472684, 937.49015623366, 928.2503908025101, 893.2654691219795, 883.6557471435517, 908.9289357452071, 848.522216131154, 832.5594057819108, 812.8538443231955, 859.6521021504886, 848.3052796083502, 782.8595076546771, 811.5612049873453, 786.1372002567659, 850.5803266049188, 734.723052108071, 745.3249567214807, 838.0974256113404, 762.5181165141985, 735.7246815732215, 737.1979577637103], "accuracies": [0.22888283378746593, 0.23342415985467757, 0.24977293369663942, 0.2670299727520436, 0.25885558583106266, 0.2742960944595822, 0.28065395095367845, 0.28065395095367845, 0.2742960944595822, 0.2888283378746594, 0.28610354223433243, 0.30154405086285196, 0.29791099000908267, 0.3042688465031789, 0.29155313351498635, 0.29064486830154407, 0.31244323342415986, 0.3178928247048138, 0.3188010899182561, 0.3060853769300636, 0.30517711171662126, 0.30881017257039056, 0.34150772025431425, 0.3178928247048138, 0.3024523160762943, 0.3369663941871026, 0.3369663941871026, 0.3115349682107175, 0.3405994550408719, 0.3206176203451408, 0.3242506811989101, 0.32879200726612173, 0.3069936421435059, 0.3106267029972752, 0.31607629427792916, 0.3069936421435059, 0.3106267029972752, 0.33787465940054495, 0.3387829246139873, 0.3242506811989101, 0.3142597638510445, 0.3278837420526794, 0.31244323342415986, 0.31970935513169846, 0.3215258855585831, 0.31607629427792916, 0.31970935513169846, 0.3315168029064487, 0.3215258855585831, 0.31607629427792916, 0.34877384196185285, 0.3405994550408719, 0.32879200726612173, 0.3333333333333333, 0.3496821071752952, 0.31607629427792916, 0.3369663941871026, 0.31607629427792916, 0.3278837420526794, 0.3224341507720254, 0.30517711171662126, 0.3315168029064487, 0.3405994550408719, 0.3178928247048138, 0.33424159854677565, 0.3369663941871026, 0.31970935513169846, 0.33787465940054495, 0.3469573115349682, 0.3206176203451408, 0.3315168029064487, 0.33787465940054495, 0.33605812897366033, 0.35967302452316074, 0.33605812897366033, 0.3315168029064487, 0.329700272479564, 0.3496821071752952, 0.32515894641235243, 0.3469573115349682, 0.33242506811989103, 0.32879200726612173, 0.3260672116257947, 0.3315168029064487, 0.3260672116257947, 0.329700272479564, 0.34514078110808355, 0.3478655767484105, 0.3424159854677566, 0.3424159854677566, 0.335149863760218, 0.34332425068119893, 0.33242506811989103, 0.34332425068119893, 0.3278837420526794, 0.3460490463215259, 0.3387829246139873, 0.33060853769300635, 0.3460490463215259, 0.3260672116257947], "best_model_acc": {"train": 0.6602294007490637, "dev": 0.35967302452316074, "test": 0.3723981900452489}, "configs": {"model_args": {"embedding_dim": 300}, "train_args": {"num_iterations": 100000, "print_every": 1000, "eval_every": 1000}, "optim_args": {"lr": 0.0001}, "seed": 420, "use_pretrained_embeddings": false, "pretrained_embeddings_path": "./googlenews.word2vec.300d.txt"}}