{"model_name": "CBOW", "losses": [2956.204445074025, 2458.605622233008, 2297.9569708302006, 2316.621967212297, 2122.7484095047694, 2142.70836766134, 1988.1163771208376, 1911.7484961431473, 1758.3141661696136, 1671.2378687816672, 1668.4838412683457, 1651.3626419901848, 1632.5920688584447, 1634.7327847480774, 1547.8174977507442, 1590.5447438955307, 1589.6100700106472, 1448.0626729018986, 1425.8619950525463, 1510.6670630574226, 1419.671490188688, 1436.9911218248308, 1456.7999383416027, 1445.6017910949886, 1499.163280280307, 1429.343562092632, 1309.9113894216716, 1345.7634197967127, 1365.146596673876, 1372.656076386571, 1350.4652581326663, 1360.8526578415185, 1392.9480320941657, 1373.9652007222176, 1298.8903841059655, 1228.1771337185055, 1266.408750616014, 1265.1586129441857, 1269.5140283703804, 1285.0401947367936, 1289.91237784829, 1330.9469817914069, 1225.1679574334994, 1164.0324562378228, 1183.9460423942655, 1232.5909999012947, 1166.2751269226428, 1207.310338838026, 1210.4473086893559, 1177.7410063575953, 1240.4229272454977, 1119.8937659906223, 1079.1924063926563, 1085.7886965693906, 1117.7510423120111, 1144.2235691819806, 1126.407426818274, 1122.9887946574017, 1099.4614630537108, 1114.603975201957, 1032.7142250598408, 983.3441238887608, 1001.4248467194848, 1055.3075292331632, 1060.9741244099569, 1023.8292511418404, 1055.9693136163987, 1072.843569038465, 953.5799000174738, 910.1902880201815, 942.6792843821459, 1012.1940749094356, 959.381226964877, 985.9315485344268, 967.0515568228438, 991.096704058873, 922.9652495888295, 816.0140799731016, 860.1052938414796, 893.7028836011887, 859.277289585094, 924.1147899580537, 904.976372981444, 890.7696237273631, 936.7249447569484, 860.2630591536872, 793.9554108306183, 800.2187464570161, 830.5909634130076, 811.7946617105044, 872.2384008147346, 795.5228662022564, 857.1029370148171, 819.4609362579358, 765.8975839880586, 773.8067349812518, 710.9366563136282, 731.7045838669874, 762.4821720236796, 733.3000008451927], "accuracies": [0.21889191643960038, 0.23887375113533152, 0.23524069028156222, 0.22252497729336967, 0.25340599455040874, 0.23705722070844687, 0.2524977293369664, 0.26612170753860126, 0.259763851044505, 0.2670299727520436, 0.2851952770208901, 0.2633969118982743, 0.2724795640326976, 0.2688465031789282, 0.28428701180744775, 0.29518619436875565, 0.26793823796548594, 0.29427792915531337, 0.2815622161671208, 0.3033605812897366, 0.3006357856494096, 0.2970027247956403, 0.29518619436875565, 0.2924613987284287, 0.29427792915531337, 0.3079019073569482, 0.3151680290644868, 0.28792007266121705, 0.3206176203451408, 0.2970027247956403, 0.31970935513169846, 0.29791099000908267, 0.3024523160762943, 0.3224341507720254, 0.29064486830154407, 0.29791099000908267, 0.32334241598546776, 0.2888283378746594, 0.2924613987284287, 0.3333333333333333, 0.29518619436875565, 0.3151680290644868, 0.3260672116257947, 0.3169845594913715, 0.3215258855585831, 0.3033605812897366, 0.32879200726612173, 0.3188010899182561, 0.30154405086285196, 0.32515894641235243, 0.3115349682107175, 0.3242506811989101, 0.3006357856494096, 0.3142597638510445, 0.3206176203451408, 0.3115349682107175, 0.3387829246139873, 0.3424159854677566, 0.32697547683923706, 0.3333333333333333, 0.329700272479564, 0.3206176203451408, 0.3387829246139873, 0.3242506811989101, 0.3278837420526794, 0.3106267029972752, 0.3224341507720254, 0.3142597638510445, 0.3278837420526794, 0.3242506811989101, 0.3079019073569482, 0.3206176203451408, 0.34332425068119893, 0.3260672116257947, 0.32515894641235243, 0.32515894641235243, 0.31244323342415986, 0.3206176203451408, 0.31607629427792916, 0.3206176203451408, 0.3106267029972752, 0.3188010899182561, 0.3079019073569482, 0.32515894641235243, 0.32879200726612173, 0.3315168029064487, 0.3315168029064487, 0.3260672116257947, 0.31970935513169846, 0.3169845594913715, 0.31607629427792916, 0.31607629427792916, 0.3178928247048138, 0.3169845594913715, 0.3215258855585831, 0.32879200726612173, 0.31607629427792916, 0.3115349682107175, 0.3224341507720254, 0.3188010899182561], "best_model_acc": {"train": 0.6441947565543071, "dev": 0.34332425068119893, "test": 0.318552036199095}, "configs": {"model_name": "CBOW", "model_args": {"embedding_dim": 300}, "optim_args": {"lr": 0.0001}, "train_args": {"num_iterations": 100000, "print_every": 1000, "eval_every": 1000}, "seed": 42, "use_pretrained_embeddings": false, "pretrained_embeddings_path": "./googlenews.word2vec.300d.txt", "plot_losses": true, "plot_accuracies": true, "verbose": false, "expt_name": ""}}