{"model_name": "CBOW", "losses": [2893.3127314148005, 2595.9993176691933, 2360.320274726022, 2202.2265142793767, 2030.34897832945, 2063.5249439571053, 2036.9556684563868, 1928.8023281805217, 1761.480667149648, 1717.2497511580586, 1567.6993575710803, 1711.8693015016615, 1636.3841946348548, 1637.2589044608176, 1602.0509123951197, 1569.6960712075233, 1575.8158348947763, 1445.734442833811, 1448.5463862549514, 1473.9625859856606, 1466.6789888367057, 1465.1704147737473, 1472.6456604525447, 1455.6143923550844, 1477.5181941054761, 1363.3230488821864, 1343.5781760513783, 1349.595067105256, 1356.7542871013284, 1359.6369729340076, 1402.5173335559666, 1407.152058430016, 1377.09610865172, 1370.6538187153637, 1275.418460264802, 1257.4519930835813, 1295.6617264971137, 1290.679030623287, 1290.6079732999206, 1307.675017886795, 1325.649513695389, 1316.073618458584, 1236.1171381510794, 1184.0199563410133, 1231.5199286015704, 1189.0968436840922, 1195.9163609668612, 1218.87206015829, 1215.3877355316654, 1212.9423787570558, 1191.9584850268438, 1127.854165058583, 1146.6839942196384, 1120.494722516276, 1113.4408445786685, 1141.8792968499474, 1107.5645854650065, 1135.226449344831, 1160.7960646543652, 1119.3023129506037, 1026.23751751706, 1040.6661718242103, 1034.0321222878993, 1014.0976616898552, 1037.7928956006654, 1038.4606976152863, 1073.077853033552, 1094.3520215332974, 987.6531791870948, 971.599980010651, 988.5220117106801, 928.4421719152015, 987.8168510778341, 987.3991965095047, 978.3718294814753, 985.3064823290333, 984.0646917452104, 915.4242333455477, 881.4349370744894, 942.4643176957034, 895.8951864544069, 885.2529502469115, 894.9932453557849, 902.22403792158, 922.588537952106, 887.534142841876, 843.7161276909756, 843.9591920974781, 807.216092213057, 778.6979577825405, 843.7993676033802, 873.576936397265, 867.7841960494407, 830.6438305776101, 718.6417789396946, 684.6619255971746, 769.2103812772548, 773.878712652484, 741.9835313726362, 788.8495694821468], "accuracies": [0.22888283378746593, 0.25158946412352406, 0.2488646684831971, 0.2688465031789282, 0.27520435967302453, 0.2724795640326976, 0.2706630336058129, 0.2997275204359673, 0.27702089009990916, 0.28792007266121705, 0.2851952770208901, 0.2997275204359673, 0.29064486830154407, 0.2924613987284287, 0.3069936421435059, 0.3006357856494096, 0.3106267029972752, 0.3060853769300636, 0.3133514986376022, 0.3115349682107175, 0.3069936421435059, 0.3188010899182561, 0.30881017257039056, 0.2997275204359673, 0.28701180744777477, 0.3106267029972752, 0.30517711171662126, 0.3060853769300636, 0.32334241598546776, 0.29427792915531337, 0.3133514986376022, 0.3079019073569482, 0.31607629427792916, 0.32697547683923706, 0.3178928247048138, 0.3106267029972752, 0.3106267029972752, 0.3169845594913715, 0.33060853769300635, 0.3097184377838329, 0.3178928247048138, 0.31970935513169846, 0.3079019073569482, 0.3206176203451408, 0.3224341507720254, 0.329700272479564, 0.31244323342415986, 0.3115349682107175, 0.3224341507720254, 0.33060853769300635, 0.35513169845594916, 0.3442325158946412, 0.33787465940054495, 0.3215258855585831, 0.3260672116257947, 0.3169845594913715, 0.31244323342415986, 0.31607629427792916, 0.3315168029064487, 0.3278837420526794, 0.3242506811989101, 0.34514078110808355, 0.3442325158946412, 0.33060853769300635, 0.3387829246139873, 0.33424159854677565, 0.33969118982742963, 0.33060853769300635, 0.34332425068119893, 0.33424159854677565, 0.33787465940054495, 0.3505903723887375, 0.3578564940962761, 0.33787465940054495, 0.3315168029064487, 0.3569482288828338, 0.3405994550408719, 0.33060853769300635, 0.33424159854677565, 0.33424159854677565, 0.3424159854677566, 0.3405994550408719, 0.32879200726612173, 0.3260672116257947, 0.33242506811989103, 0.3478655767484105, 0.33242506811989103, 0.33242506811989103, 0.34332425068119893, 0.3442325158946412, 0.3333333333333333, 0.3405994550408719, 0.3442325158946412, 0.35240690281562215, 0.35149863760217986, 0.3614895549500454, 0.35149863760217986, 0.34877384196185285, 0.3469573115349682, 0.3496821071752952], "best_model_acc": {"train": 0.7332631086142322, "dev": 0.3614895549500454, "test": 0.35339366515837106}, "configs": {"model_args": {"embedding_dim": 300}, "train_args": {"num_iterations": 100000, "print_every": 1000, "eval_every": 1000}, "optim_args": {"lr": 0.0001}, "seed": 0, "use_pretrained_embeddings": false, "pretrained_embeddings_path": "./googlenews.word2vec.300d.txt"}}