{"model_name": "TreeLSTMClassifier", "losses": [380.7340029478073, 332.38976192474365, 323.29966485500336, 316.54188948869705, 313.5549867749214, 304.29939061403275, 305.66720151901245, 299.6014726758003, 298.19225138425827, 295.6371877193451, 294.99274307489395, 290.8107268214226, 288.60970038175583, 288.41460621356964, 285.085902094841, 281.9528748393059, 282.21116930246353, 276.0527242422104, 277.1360890865326, 272.4615132212639], "accuracies": [0.39509536784741145, 0.4069028156221617, 0.4305177111716621, 0.44141689373297005, 0.44959128065395093, 0.44504995458673935, 0.44141689373297005, 0.44232515894641233, 0.44232515894641233, 0.45413260672116257, 0.44686648501362397, 0.4405086285195277, 0.45049954586739327, 0.4623069936421435, 0.4604904632152589, 0.4659400544959128, 0.46139872842870117, 0.4677565849227975, 0.4677565849227975, 0.46139872842870117], "best_model_acc": {"train": 0.5334737827715356, "dev": 0.4677565849227975, "test": 0.45610859728506786}, "configs": {"model_args": {"embedding_dim": 300, "hidden_dim": 150, "output_dim": 5, "lstm_type": "sum"}, "train_args": {"num_iterations": 5000, "print_every": 250, "eval_every": 250, "batch_size": 25}, "optim_args": {"lr": 0.0002}, "seed": 0, "use_pretrained_embeddings": true, "pretrained_embeddings_path": "./glove.840B.300d.sst.txt"}}