{"model_name": "TreeLSTMClassifier", "losses": [381.80601596832275, 334.6972326040268, 320.62960934638977, 317.55181431770325, 308.6962086558342, 306.2330759167671, 304.31561982631683, 301.15134781599045, 298.6581301689148, 294.43608379364014, 295.75434786081314, 288.73701226711273, 292.3315601348877, 286.8930569887161, 284.9401865005493, 280.2096955180168, 278.89378917217255, 280.2398833036423, 274.2670359611511, 273.6551471352577], "accuracies": [0.37783832879200724, 0.4141689373297003, 0.43415077202543145, 0.43415077202543145, 0.44595821980018163, 0.44141689373297005, 0.44868301544050865, 0.44232515894641233, 0.4514078110808356, 0.4550408719346049, 0.45413260672116257, 0.44595821980018163, 0.44686648501362397, 0.4550408719346049, 0.46684831970935514, 0.47229791099000906, 0.4586739327883742, 0.45594913714804725, 0.46321525885558584, 0.44868301544050865], "best_model_acc": {"train": 0.5360486891385767, "dev": 0.47229791099000906, "test": 0.47737556561085975}, "configs": {"model_args": {"embedding_dim": 300, "hidden_dim": 150, "output_dim": 5, "lstm_type": "sum"}, "train_args": {"num_iterations": 5000, "print_every": 250, "eval_every": 250, "batch_size": 25}, "optim_args": {"lr": 0.0002}, "seed": 420, "use_pretrained_embeddings": true, "pretrained_embeddings_path": "./glove.840B.300d.sst.txt"}}