{"model_name": "TreeLSTMClassifier", "losses": [378.3014340400696, 333.88521552085876, 322.1688929796219, 316.4074774980545, 309.25476425886154, 304.88726967573166, 305.60805970430374, 302.0095834136009, 296.96302473545074, 295.7445164322853, 294.2357904314995, 290.2099153995514, 290.5553018450737, 286.6007105708122, 286.5831791162491, 281.0428740978241, 279.5590567588806, 278.55821508169174, 275.6228155493736, 276.0412510037422], "accuracies": [0.40417801998183467, 0.4141689373297003, 0.4296094459582198, 0.44595821980018163, 0.4359673024523161, 0.44504995458673935, 0.45049954586739327, 0.45049954586739327, 0.45413260672116257, 0.44959128065395093, 0.44868301544050865, 0.45231607629427795, 0.45322434150772023, 0.45685740236148953, 0.46139872842870117, 0.4659400544959128, 0.4713896457765668, 0.4604904632152589, 0.47593097184377836, 0.46503178928247046], "best_model_acc": {"train": 0.5429541198501873, "dev": 0.47593097184377836, "test": 0.467420814479638}, "configs": {"model_args": {"embedding_dim": 300, "hidden_dim": 150, "output_dim": 5, "lstm_type": "sum"}, "train_args": {"num_iterations": 5000, "print_every": 250, "eval_every": 250, "batch_size": 25}, "optim_args": {"lr": 0.0002}, "seed": 42, "use_pretrained_embeddings": true, "pretrained_embeddings_path": "./glove.840B.300d.sst.txt"}}