{"model_name": "DeepCBOW", "losses": [1797.1407387033105, 1652.550187855959, 1627.794385701418, 1635.3918102681637, 1593.244911879301, 1593.0735063552856, 1549.8585409671068, 1530.3470476269722, 1494.9332480989397, 1379.3260032385588, 1401.9318886436522, 1423.5962444096804, 1395.161551617086, 1392.241248421371, 1346.4920061081648, 1388.3272337019444, 1360.243965934962, 1167.856893600896, 1175.3748337831348, 1186.6129256673157, 1173.0460023274645, 1151.2294488893822, 1189.3980724178255, 1198.5319395912811, 1229.1282295561396, 1082.6907602914143, 901.619950652821, 926.0008945572918, 953.6522654726868, 983.4487021560781], "accuracies": [0.23251589464123523, 0.26975476839237056, 0.26430517711171664, 0.27702089009990916, 0.30517711171662126, 0.298819255222525, 0.3224341507720254, 0.3242506811989101, 0.32334241598546776, 0.3242506811989101, 0.33969118982742963, 0.3260672116257947, 0.32334241598546776, 0.34877384196185285, 0.3578564940962761, 0.34877384196185285, 0.33969118982742963, 0.3505903723887375, 0.3478655767484105, 0.329700272479564, 0.3542234332425068, 0.368755676657584, 0.335149863760218, 0.3533151680290645, 0.3533151680290645, 0.3460490463215259, 0.34332425068119893, 0.3369663941871026, 0.3614895549500454, 0.335149863760218], "best_model_acc": {"train": 0.5841526217228464, "dev": 0.368755676657584, "test": 0.3733031674208145}, "configs": {"model_args": {"embedding_dim": 300, "hidden_dim": 100, "output_dim": 5}, "train_args": {"num_iterations": 30000, "print_every": 1000, "eval_every": 1000}, "optim_args": {"lr": 0.0005}, "seed": 42, "use_pretrained_embeddings": false, "pretrained_embeddings_path": "./googlenews.word2vec.300d.txt"}}