{"model_name": "DeepCBOW", "losses": [1783.467928180471, 1636.9176763743162, 1631.0882351100445, 1595.8431408777833, 1579.827371314168, 1580.883917659521, 1527.774837628007, 1502.4984160661697, 1441.3313003852963, 1417.1941953003407, 1389.8987569399178, 1378.1211258098483, 1372.0266609974205, 1367.1473397277296, 1360.9282011687756, 1355.8724471386522, 1391.3636928144842, 1119.3341856710613, 1115.0250911843032, 1185.468191436492, 1175.0776972062886, 1203.2857373226434, 1147.8254385949112, 1201.220915691927, 1184.7397474758327, 1073.7000487148762, 891.3859759978368, 899.3485793863074, 968.885547305923, 958.1966515670065], "accuracies": [0.28428701180744775, 0.2652134423251589, 0.29518619436875565, 0.29064486830154407, 0.296094459582198, 0.3206176203451408, 0.3242506811989101, 0.33424159854677565, 0.33060853769300635, 0.3169845594913715, 0.3224341507720254, 0.3333333333333333, 0.35513169845594916, 0.3424159854677566, 0.33787465940054495, 0.3260672116257947, 0.3678474114441417, 0.3678474114441417, 0.3533151680290645, 0.335149863760218, 0.33787465940054495, 0.3151680290644868, 0.3614895549500454, 0.33969118982742963, 0.3442325158946412, 0.35603996366939145, 0.35967302452316074, 0.3651226158038147, 0.34877384196185285, 0.35513169845594916], "best_model_acc": {"train": 0.49180711610486894, "dev": 0.3678474114441417, "test": 0.3773755656108597}, "configs": {"model_args": {"embedding_dim": 300, "hidden_dim": 100, "output_dim": 5}, "train_args": {"num_iterations": 30000, "print_every": 1000, "eval_every": 1000}, "optim_args": {"lr": 0.0005}, "seed": 420, "use_pretrained_embeddings": false, "pretrained_embeddings_path": "./googlenews.word2vec.300d.txt"}}