{"model_name": "DeepCBOW", "losses": [1786.387620702386, 1685.2387651614845, 1637.8777674734592, 1590.2000040709972, 1554.1009743213654, 1580.6158212274313, 1550.9660708904266, 1560.8825896829367, 1456.2291542813182, 1412.436950083822, 1384.408221706748, 1396.3085167706013, 1419.978489533998, 1411.4175439551473, 1355.378083012998, 1397.3807162977755, 1371.7007878124714, 1154.2685039155185, 1156.6349063604139, 1177.7354177299421, 1189.9514424465597, 1197.12044348981, 1155.9473621104844, 1199.6155246328562, 1213.2323770811781, 1076.9933079024777, 922.7995870546438, 926.985311066499, 955.991516070615, 942.4078513497952], "accuracies": [0.259763851044505, 0.27702089009990916, 0.298819255222525, 0.30154405086285196, 0.3142597638510445, 0.2888283378746594, 0.34150772025431425, 0.3178928247048138, 0.28428701180744775, 0.3469573115349682, 0.335149863760218, 0.3542234332425068, 0.3387829246139873, 0.3578564940962761, 0.33787465940054495, 0.35603996366939145, 0.3496821071752952, 0.35513169845594916, 0.3542234332425068, 0.36603088101725706, 0.3496821071752952, 0.3505903723887375, 0.3496821071752952, 0.33424159854677565, 0.34332425068119893, 0.35967302452316074, 0.34514078110808355, 0.35876475930971846, 0.3460490463215259, 0.3369663941871026], "best_model_acc": {"train": 0.5392088014981273, "dev": 0.36603088101725706, "test": 0.36199095022624433}, "configs": {"model_name": "DeepCBOW", "model_args": {"embedding_dim": 300, "hidden_dim": 100, "output_dim": 5}, "optim_args": {"lr": 0.0005}, "train_args": {"num_iterations": 30000, "print_every": 1000, "eval_every": 1000}, "seed": 0, "use_pretrained_embeddings": false, "pretrained_embeddings_path": "./googlenews.word2vec.300d.txt", "plot_losses": true, "plot_accuracies": true, "verbose": false, "expt_name": ""}}