{"train": [0.5392088014981273, 0.5841526217228464, 0.49180711610486894], "dev": [0.36603088101725706, 0.368755676657584, 0.3678474114441417], "test": [0.36199095022624433, 0.3733031674208145, 0.3773755656108597]}