{"model_name": "LSTMClassifier", "losses": [39.79535686969757, 39.13624608516693, 38.73599326610565, 36.94340693950653, 39.51266896724701, 37.893539905548096, 37.43243491649628, 35.63608372211456, 35.12989044189453, 35.615206718444824, 34.775344133377075, 34.86443650722504, 34.48317515850067, 36.15358209609985, 33.63692760467529, 33.54714035987854, 33.39272475242615, 34.65783762931824, 32.84029269218445, 33.241323947906494, 33.72441244125366, 34.74926793575287, 32.66563904285431, 31.953441858291626, 32.70409083366394, 32.859830141067505, 33.01099443435669, 32.66232872009277, 31.312214970588684, 32.630985260009766, 32.53125989437103, 32.14778923988342, 33.050087571144104, 30.895723700523376, 32.103111267089844, 31.15941309928894, 31.43640697002411, 31.995293140411377, 31.53421449661255, 31.935725450515747, 31.093705713748932, 30.166094541549683, 31.40530240535736, 30.555531680583954, 30.619534850120544, 31.592023015022278, 31.438109815120697, 31.787057518959045, 29.17587059736252, 30.8346745967865, 31.410966992378235, 30.080753445625305, 30.2348655462265, 30.91098380088806, 29.815621078014374, 29.557002067565918, 29.103161454200745, 30.237040758132935, 29.004301249980927, 29.03347361087799, 31.07899570465088, 29.534472584724426, 30.160343945026398, 29.255952954292297, 30.026873409748077, 31.036421418190002, 30.49918842315674, 28.737850606441498, 29.292669534683228, 27.915632724761963, 29.97886288166046, 27.97279852628708, 27.700739085674286, 27.98192012310028, 29.05413454771042, 28.393733322620392, 28.986787378787994, 30.001284956932068, 29.229859709739685, 28.077120184898376], "accuracies": [0.2615803814713896, 0.3206176203451408, 0.33424159854677565, 0.3614895549500454, 0.3215258855585831, 0.3042688465031789, 0.3614895549500454, 0.3796548592188919, 0.371480472297911, 0.3896457765667575, 0.3832879200726612, 0.38782924613987285, 0.3932788374205268, 0.4032697547683924, 0.4087193460490463, 0.4296094459582198, 0.4141689373297003, 0.407811080835604, 0.39691189827429607, 0.40236148955495005, 0.4087193460490463, 0.4178019981834696, 0.4159854677565849, 0.41326067211625794, 0.4187102633969119, 0.4187102633969119, 0.41689373297002724, 0.4178019981834696, 0.4287011807447775, 0.44686648501362397, 0.43142597638510444, 0.43869209809264303, 0.4296094459582198, 0.4114441416893733, 0.4259763851044505, 0.4405086285195277, 0.39872842870118075, 0.4332425068119891, 0.44141689373297005, 0.4196185286103542, 0.44686648501362397, 0.44232515894641233, 0.4477747502270663, 0.4368755676657584, 0.44959128065395093, 0.444141689373297, 0.45322434150772023, 0.4477747502270663, 0.4368755676657584, 0.44868301544050865, 0.4332425068119891, 0.44868301544050865, 0.46139872842870117, 0.4604904632152589, 0.44323342415985467, 0.45685740236148953, 0.44232515894641233, 0.45049954586739327, 0.4305177111716621, 0.4695731153496821, 0.4368755676657584, 0.4623069936421435, 0.4178019981834696, 0.44232515894641233, 0.45231607629427795, 0.4623069936421435, 0.4296094459582198, 0.44323342415985467, 0.4477747502270663, 0.4550408719346049, 0.444141689373297, 0.45231607629427795, 0.44595821980018163, 0.4159854677565849, 0.4332425068119891, 0.44323342415985467, 0.42415985467756584, 0.45049954586739327, 0.4604904632152589, 0.44323342415985467], "best_model_acc": {"train": 0.5127574906367042, "dev": 0.4695731153496821, "test": 0.4665158371040724}, "configs": {"model_args": {"embedding_dim": 300, "hidden_dim": 168, "output_dim": 5}, "train_args": {"num_iterations": 2000, "print_every": 25, "eval_every": 25, "batch_size": 25}, "optim_args": {"lr": 0.0002}, "seed": 42, "use_pretrained_embeddings": true, "pretrained_embeddings_path": "./googlenews.word2vec.300d.txt"}}