{"model_name": "LSTMClassifier", "losses": [39.72811496257782, 39.300655126571655, 39.062376737594604, 37.58303964138031, 37.658356070518494, 36.44288671016693, 38.75258708000183, 36.81511187553406, 35.9282261133194, 35.441683888435364, 34.529749631881714, 34.69828796386719, 33.6490775346756, 35.75878417491913, 33.683096408843994, 33.827608585357666, 33.071725606918335, 34.656858682632446, 33.32596254348755, 33.00910842418671, 32.50349283218384, 34.75214612483978, 32.579352021217346, 32.51254904270172, 32.1801198720932, 32.987849950790405, 32.700127959251404, 32.70120179653168, 31.59294080734253, 32.78539979457855, 32.58295011520386, 32.164488792419434, 33.182479321956635, 30.764456391334534, 32.173335790634155, 31.51468062400818, 31.681421637535095, 32.02528524398804, 31.680042266845703, 31.96588945388794, 30.650009512901306, 30.318769931793213, 31.425794303417206, 31.026926577091217, 30.80590009689331, 31.96944522857666, 32.50807964801788, 31.970348238945007, 29.424021780490875, 30.799792766571045, 30.887885451316833, 29.985754132270813, 29.89199960231781, 30.616766571998596, 30.08860957622528, 29.710701823234558, 29.452686846256256, 30.214062809944153, 28.666576623916626, 29.057250559329987, 31.29299223423004, 29.430893421173096, 30.082229375839233, 29.424490869045258, 30.590460777282715, 31.269524455070496, 30.75900912284851, 29.113545894622803, 29.565058946609497, 28.571105122566223, 29.909538686275482, 28.048798978328705, 27.791811883449554, 28.111222684383392, 29.007314682006836, 28.35650008916855, 29.73603630065918, 30.039170384407043, 29.15195333957672, 28.061946153640747], "accuracies": [0.26067211625794734, 0.3106267029972752, 0.31607629427792916, 0.33787465940054495, 0.35513169845594916, 0.31607629427792916, 0.3260672116257947, 0.3787465940054496, 0.3787465940054496, 0.38056312443233425, 0.39872842870118075, 0.38419618528610355, 0.4069028156221617, 0.4069028156221617, 0.3905540417801998, 0.3960036330608538, 0.4232515894641235, 0.4069028156221617, 0.42052679382379654, 0.4268846503178928, 0.4178019981834696, 0.40962761126248864, 0.4296094459582198, 0.42415985467756584, 0.43142597638510444, 0.4178019981834696, 0.40599455040871935, 0.4178019981834696, 0.4332425068119891, 0.4323342415985468, 0.4323342415985468, 0.44323342415985467, 0.4214350590372389, 0.43415077202543145, 0.43778383287920075, 0.4405086285195277, 0.4141689373297003, 0.4259763851044505, 0.4323342415985468, 0.44504995458673935, 0.44595821980018163, 0.4550408719346049, 0.4359673024523161, 0.43142597638510444, 0.4332425068119891, 0.43415077202543145, 0.4287011807447775, 0.4405086285195277, 0.44232515894641233, 0.44323342415985467, 0.43142597638510444, 0.4477747502270663, 0.45594913714804725, 0.444141689373297, 0.4396003633060854, 0.4405086285195277, 0.44595821980018163, 0.4396003633060854, 0.43415077202543145, 0.4405086285195277, 0.43415077202543145, 0.45685740236148953, 0.4114441416893733, 0.44141689373297005, 0.45594913714804725, 0.4641235240690282, 0.41689373297002724, 0.44504995458673935, 0.44959128065395093, 0.4641235240690282, 0.44504995458673935, 0.444141689373297, 0.46139872842870117, 0.4250681198910082, 0.45685740236148953, 0.4514078110808356, 0.4477747502270663, 0.44686648501362397, 0.4514078110808356, 0.44868301544050865], "best_model_acc": {"train": 0.5135767790262172, "dev": 0.4641235240690282, "test": 0.45429864253393665}, "configs": {"model_args": {"embedding_dim": 300, "hidden_dim": 168, "output_dim": 5}, "train_args": {"num_iterations": 2000, "print_every": 25, "eval_every": 25, "batch_size": 25}, "optim_args": {"lr": 0.0002}, "seed": 42, "use_pretrained_embeddings": true, "pretrained_embeddings_path": "./googlenews.word2vec.300d.txt"}}