{"train": [0.8172966457615308, 0.8161760551443584, 0.8141389030139807], "dev": [0.4950045413260672, 0.49591280653950953, 0.49227974568574023], "test": [0.4800904977375566, 0.4796380090497738, 0.47873303167420816]}