{"train": [0.5366338951310862, 0.5135767790262172, 0.5009363295880149], "dev": [0.4768392370572207, 0.4641235240690282, 0.4677565849227975], "test": [0.46244343891402717, 0.45429864253393665, 0.465158371040724]}