{"model_name": "LSTMClassifier", "losses": [39.935789942741394, 38.646180510520935, 38.90532207489014, 37.29312527179718, 38.65448534488678, 36.12265121936798, 36.16964066028595, 35.9140419960022, 35.72805309295654, 35.195024609565735, 35.8822146654129, 33.30219554901123, 34.50756096839905, 38.59815692901611, 37.074591755867004, 36.345773220062256, 35.04383182525635, 33.93686378002167, 33.90715432167053, 33.17643988132477, 34.11657273769379, 32.090895652770996, 32.02770972251892, 33.92667579650879, 33.4466769695282, 32.84010565280914, 32.80614161491394, 32.97479546070099, 32.334036350250244, 32.25183463096619, 31.1082900762558, 32.91593611240387, 31.93737006187439, 31.70791780948639, 32.828036427497864, 32.24523317813873, 32.13223451375961, 31.445830821990967, 32.24988090991974, 32.78400647640228, 31.120945930480957, 30.706400990486145, 31.539886355400085, 31.94562256336212, 30.445523738861084, 30.59662103652954, 30.18749850988388, 31.114614844322205, 30.506328463554382, 31.07989412546158, 30.423864662647247, 31.837214589118958, 31.454620957374573, 31.1588796377182, 31.592398643493652, 29.10103178024292, 30.09758472442627, 29.91517823934555, 30.72157722711563, 29.575307369232178, 30.25055092573166, 30.260821878910065, 30.842317163944244, 30.11312335729599, 29.83216154575348, 29.88668406009674, 31.109680831432343, 30.734491407871246, 29.43191158771515, 29.397908926010132, 30.379462361335754, 28.622692108154297, 28.610972225666046, 29.020063281059265, 28.802203714847565, 30.09746527671814, 29.658603489398956, 30.684736847877502, 28.327948093414307, 29.013302266597748], "accuracies": [0.25340599455040874, 0.2815622161671208, 0.3505903723887375, 0.3006357856494096, 0.36966394187102636, 0.37693006357856496, 0.36966394187102636, 0.4014532243415077, 0.38419618528610355, 0.3978201634877384, 0.40417801998183467, 0.40962761126248864, 0.36966394187102636, 0.3106267029972752, 0.34514078110808355, 0.38056312443233425, 0.3960036330608538, 0.4069028156221617, 0.405086285195277, 0.41689373297002724, 0.4150772025431426, 0.4305177111716621, 0.4178019981834696, 0.40962761126248864, 0.3960036330608538, 0.3932788374205268, 0.41326067211625794, 0.4305177111716621, 0.4287011807447775, 0.410535876475931, 0.43142597638510444, 0.4114441416893733, 0.4250681198910082, 0.42052679382379654, 0.4305177111716621, 0.4287011807447775, 0.41689373297002724, 0.4359673024523161, 0.4196185286103542, 0.43505903723887374, 0.44141689373297005, 0.4214350590372389, 0.4368755676657584, 0.4405086285195277, 0.4396003633060854, 0.4396003633060854, 0.4396003633060854, 0.44323342415985467, 0.44868301544050865, 0.45776566757493187, 0.4604904632152589, 0.40417801998183467, 0.44504995458673935, 0.45413260672116257, 0.46139872842870117, 0.4268846503178928, 0.44868301544050865, 0.44141689373297005, 0.4323342415985468, 0.4623069936421435, 0.4550408719346049, 0.45594913714804725, 0.45594913714804725, 0.44323342415985467, 0.44868301544050865, 0.4323342415985468, 0.44868301544050865, 0.46139872842870117, 0.44323342415985467, 0.4477747502270663, 0.44232515894641233, 0.44232515894641233, 0.44595821980018163, 0.43869209809264303, 0.4586739327883742, 0.45958219800181654, 0.45322434150772023, 0.46139872842870117, 0.44595821980018163, 0.45231607629427795], "best_model_acc": {"train": 0.49859550561797755, "dev": 0.4623069936421435, "test": 0.45565610859728506}, "configs": {"model_args": {"embedding_dim": 300, "hidden_dim": 168, "output_dim": 5}, "train_args": {"num_iterations": 2000, "print_every": 25, "eval_every": 25, "batch_size": 25}, "optim_args": {"lr": 0.0002}, "seed": 420, "use_pretrained_embeddings": true, "pretrained_embeddings_path": "./googlenews.word2vec.300d.txt"}}