{"model_name": "LSTMClassifier", "losses": [39.87511098384857, 38.39233660697937, 38.61437368392944, 37.10699391365051, 37.577563643455505, 35.5553423166275, 36.17387771606445, 35.587177872657776, 35.85031521320343, 34.031782746315, 35.07912194728851, 33.27290999889374, 34.00277817249298, 33.74465310573578, 32.81199932098389, 33.523754239082336, 33.492682337760925, 32.959832429885864, 32.620803236961365, 32.49049758911133, 33.99212622642517, 31.847646117210388, 31.5868102312088, 32.768941044807434, 32.68600630760193, 32.65298640727997, 31.85951042175293, 32.216177463531494, 31.06662666797638, 31.8393315076828, 30.470518589019775, 32.77612328529358, 31.28211009502411, 30.680503010749817, 32.178882360458374, 31.784076809883118, 31.699791729450226, 30.81635481119156, 31.79509663581848, 31.929605960845947, 30.77484780550003, 30.39551442861557, 30.699739038944244, 31.570091247558594, 30.019060730934143, 29.883463740348816, 29.308960735797882, 31.13958251476288, 29.842650711536407, 30.421048998832703, 29.153586089611053, 31.60939198732376, 31.0132315158844, 30.717798709869385, 30.446492433547974, 28.260127305984497, 29.271640121936798, 29.19864785671234, 29.692628383636475, 28.988577783107758, 29.57422536611557, 29.7505886554718, 30.173877775669098, 29.918153047561646, 29.692119777202606, 29.35361260175705, 30.036058008670807, 30.230263650417328, 29.208854734897614, 28.29778754711151, 29.628291726112366, 27.9997735619545, 28.246941447257996, 28.25515866279602, 28.740529358386993, 29.426474809646606, 28.50821089744568, 29.705739676952362, 27.81404000520706, 28.252063810825348], "accuracies": [0.254314259763851, 0.3024523160762943, 0.34877384196185285, 0.368755676657584, 0.3605812897366031, 0.3614895549500454, 0.3751135331516803, 0.4150772025431426, 0.39146230699364215, 0.39146230699364215, 0.39146230699364215, 0.40054495912806537, 0.4123524069028156, 0.4232515894641235, 0.43505903723887374, 0.4141689373297003, 0.43142597638510444, 0.405086285195277, 0.39872842870118075, 0.41689373297002724, 0.4214350590372389, 0.4405086285195277, 0.42779291553133514, 0.41689373297002724, 0.4405086285195277, 0.3996366939146231, 0.4232515894641235, 0.43505903723887374, 0.42415985467756584, 0.4223433242506812, 0.44232515894641233, 0.4214350590372389, 0.4359673024523161, 0.4223433242506812, 0.444141689373297, 0.43505903723887374, 0.4405086285195277, 0.4359673024523161, 0.44686648501362397, 0.44686648501362397, 0.46139872842870117, 0.4287011807447775, 0.4323342415985468, 0.45594913714804725, 0.45685740236148953, 0.43505903723887374, 0.45685740236148953, 0.45594913714804725, 0.45413260672116257, 0.4677565849227975, 0.4623069936421435, 0.4332425068119891, 0.45958219800181654, 0.4623069936421435, 0.44504995458673935, 0.4250681198910082, 0.45685740236148953, 0.45594913714804725, 0.43869209809264303, 0.45413260672116257, 0.45231607629427795, 0.4586739327883742, 0.45322434150772023, 0.43142597638510444, 0.444141689373297, 0.44141689373297005, 0.4623069936421435, 0.45958219800181654, 0.4368755676657584, 0.4604904632152589, 0.4305177111716621, 0.44686648501362397, 0.4368755676657584, 0.43869209809264303, 0.45231607629427795, 0.4223433242506812, 0.444141689373297, 0.44595821980018163, 0.4514078110808356, 0.43869209809264303], "best_model_acc": {"train": 0.5009363295880149, "dev": 0.4677565849227975, "test": 0.465158371040724}, "configs": {"model_args": {"embedding_dim": 300, "hidden_dim": 168, "output_dim": 5}, "train_args": {"num_iterations": 2000, "print_every": 25, "eval_every": 25, "batch_size": 25}, "optim_args": {"lr": 0.0002}, "seed": 420, "use_pretrained_embeddings": true, "pretrained_embeddings_path": "./googlenews.word2vec.300d.txt"}}