{"model_name": "LSTMClassifier", "losses": [39.56695890426636, 38.924415588378906, 38.496150612831116, 39.08110797405243, 37.95866572856903, 37.51783525943756, 36.838724970817566, 36.59623324871063, 36.33766686916351, 35.633710861206055, 35.01409614086151, 34.17094099521637, 34.031399607658386, 34.04610276222229, 33.699899792671204, 33.536232709884644, 31.91595149040222, 33.368682503700256, 33.872034430503845, 33.40158212184906, 33.87518584728241, 33.87248337268829, 32.96945869922638, 32.14403307437897, 33.29733443260193, 32.3960816860199, 33.14041447639465, 31.59109628200531, 32.12229526042938, 32.03964674472809, 32.7202467918396, 32.440338015556335, 31.127532184123993, 30.596248626708984, 32.413058400154114, 31.747410893440247, 31.173476219177246, 32.166672110557556, 30.886831164360046, 31.942826628684998, 32.0421427488327, 30.502700984477997, 32.05486083030701, 30.523192584514618, 30.369078159332275, 30.512263417243958, 29.717788577079773, 30.841888070106506, 31.113343000411987, 32.11743628978729, 31.104738235473633, 30.074311017990112, 31.190239906311035, 29.788146257400513, 29.82637745141983, 29.951542675495148, 30.068995714187622, 30.296917855739594, 29.032988846302032, 28.73282665014267, 30.20851457118988, 28.950515687465668, 29.027482569217682, 30.40281707048416, 28.867351770401, 29.520343363285065, 30.68070912361145, 30.036363303661346, 29.510094225406647, 29.057720601558685, 29.179839968681335, 28.044125020503998, 28.965088367462158, 28.358907759189606, 28.864393949508667, 28.296178102493286, 27.934764981269836, 28.720771729946136, 29.506228804588318, 28.040888905525208], "accuracies": [0.3106267029972752, 0.26793823796548594, 0.33605812897366033, 0.33787465940054495, 0.3206176203451408, 0.35513169845594916, 0.3460490463215259, 0.3642143505903724, 0.37329700272479566, 0.36239782016348776, 0.38056312443233425, 0.410535876475931, 0.3796548592188919, 0.3542234332425068, 0.4159854677565849, 0.4141689373297003, 0.4014532243415077, 0.38419618528610355, 0.4069028156221617, 0.3932788374205268, 0.39872842870118075, 0.405086285195277, 0.42415985467756584, 0.39146230699364215, 0.4359673024523161, 0.4232515894641235, 0.4250681198910082, 0.42052679382379654, 0.405086285195277, 0.4223433242506812, 0.4159854677565849, 0.407811080835604, 0.4159854677565849, 0.4150772025431426, 0.4359673024523161, 0.4268846503178928, 0.3941871026339691, 0.4123524069028156, 0.4332425068119891, 0.43869209809264303, 0.4114441416893733, 0.43505903723887374, 0.43142597638510444, 0.43869209809264303, 0.43142597638510444, 0.4259763851044505, 0.43415077202543145, 0.4323342415985468, 0.43505903723887374, 0.43505903723887374, 0.4405086285195277, 0.4405086285195277, 0.4405086285195277, 0.4259763851044505, 0.444141689373297, 0.44504995458673935, 0.45322434150772023, 0.4196185286103542, 0.4296094459582198, 0.4368755676657584, 0.44141689373297005, 0.44504995458673935, 0.44141689373297005, 0.44323342415985467, 0.43778383287920075, 0.44323342415985467, 0.42052679382379654, 0.4323342415985468, 0.444141689373297, 0.43415077202543145, 0.43415077202543145, 0.46321525885558584, 0.44504995458673935, 0.4287011807447775, 0.4250681198910082, 0.44232515894641233, 0.43869209809264303, 0.4268846503178928, 0.45322434150772023, 0.45413260672116257], "best_model_acc": {"train": 0.5282069288389513, "dev": 0.46321525885558584, "test": 0.45701357466063347}, "configs": {"model_args": {"embedding_dim": 300, "hidden_dim": 168, "output_dim": 5}, "train_args": {"num_iterations": 2000, "print_every": 25, "eval_every": 25, "batch_size": 25}, "optim_args": {"lr": 0.0002}, "seed": 0, "use_pretrained_embeddings": true, "pretrained_embeddings_path": "./googlenews.word2vec.300d.txt"}}