{"train": [0.5282069288389513, 0.5127574906367042, 0.49859550561797755], "dev": [0.46321525885558584, 0.4695731153496821, 0.4623069936421435], "test": [0.45701357466063347, 0.4665158371040724, 0.45565610859728506]}