{"model_name": "LSTMClassifier", "losses": [39.51206970214844, 38.96045112609863, 39.007124066352844, 38.094420433044434, 37.22785985469818, 36.215609073638916, 36.266587257385254, 35.582385182380676, 35.469698429107666, 34.36333703994751, 34.86622452735901, 33.979594469070435, 33.74027407169342, 33.763508796691895, 32.64385950565338, 33.15352177619934, 32.56791365146637, 32.65840083360672, 33.628408908843994, 32.937103629112244, 33.562389969825745, 33.0668443441391, 32.60461485385895, 31.4698007106781, 33.014055013656616, 31.93385738134384, 32.66906416416168, 31.32905924320221, 32.25811743736267, 32.16585373878479, 32.7915472984314, 32.45291554927826, 30.83803880214691, 30.52911150455475, 32.31886029243469, 31.50816261768341, 31.098073363304138, 30.934662401676178, 30.33527982234955, 31.374940633773804, 31.470525979995728, 30.248430848121643, 31.97028088569641, 30.583510041236877, 30.22470086812973, 30.784847259521484, 29.089674532413483, 31.37108039855957, 31.31863284111023, 31.912653028964996, 30.627052128314972, 30.051280617713928, 30.887563705444336, 29.742031574249268, 29.592477798461914, 29.60742998123169, 29.621044516563416, 30.08146023750305, 28.501322507858276, 28.74381148815155, 30.072736859321594, 28.551006317138672, 29.054175078868866, 29.853537380695343, 29.058262765407562, 29.333067774772644, 31.027862071990967, 30.80292373895645, 30.13489407300949, 28.286043763160706, 29.095373511314392, 27.856135845184326, 29.184524655342102, 28.916121006011963, 28.807927787303925, 28.280764162540436, 27.879506468772888, 29.094610929489136, 29.576711297035217, 28.47871434688568], "accuracies": [0.28610354223433243, 0.259763851044505, 0.28065395095367845, 0.329700272479564, 0.35513169845594916, 0.3814713896457766, 0.40417801998183467, 0.38419618528610355, 0.38419618528610355, 0.371480472297911, 0.3869209809264305, 0.3932788374205268, 0.3678474114441417, 0.41689373297002724, 0.4223433242506812, 0.3960036330608538, 0.405086285195277, 0.3996366939146231, 0.410535876475931, 0.40054495912806537, 0.407811080835604, 0.41326067211625794, 0.4250681198910082, 0.4268846503178928, 0.4250681198910082, 0.4405086285195277, 0.4287011807447775, 0.42052679382379654, 0.4069028156221617, 0.43869209809264303, 0.42052679382379654, 0.4287011807447775, 0.4123524069028156, 0.4259763851044505, 0.4477747502270663, 0.4287011807447775, 0.4359673024523161, 0.4196185286103542, 0.43415077202543145, 0.44504995458673935, 0.41689373297002724, 0.43505903723887374, 0.4323342415985468, 0.43415077202543145, 0.43415077202543145, 0.4323342415985468, 0.43505903723887374, 0.42415985467756584, 0.4405086285195277, 0.4287011807447775, 0.43415077202543145, 0.4332425068119891, 0.444141689373297, 0.4159854677565849, 0.44141689373297005, 0.4550408719346049, 0.44323342415985467, 0.44141689373297005, 0.44686648501362397, 0.45049954586739327, 0.4514078110808356, 0.45322434150772023, 0.44868301544050865, 0.4514078110808356, 0.4514078110808356, 0.44504995458673935, 0.42052679382379654, 0.43415077202543145, 0.46139872842870117, 0.444141689373297, 0.4187102633969119, 0.4768392370572207, 0.45231607629427795, 0.4359673024523161, 0.44868301544050865, 0.44868301544050865, 0.4287011807447775, 0.4550408719346049, 0.4677565849227975, 0.45413260672116257], "best_model_acc": {"train": 0.5366338951310862, "dev": 0.4768392370572207, "test": 0.46244343891402717}, "configs": {"model_args": {"embedding_dim": 300, "hidden_dim": 168, "output_dim": 5}, "train_args": {"num_iterations": 2000, "print_every": 25, "eval_every": 25, "batch_size": 25}, "optim_args": {"lr": 0.0002}, "seed": 0, "use_pretrained_embeddings": true, "pretrained_embeddings_path": "./googlenews.word2vec.300d.txt"}}