{"model_name": "PTDeepCBOW", "losses": [1552.2150104269385, 1443.5503238290548, 1417.9286896698177, 1413.171662516892, 1399.1680445969105, 1397.3833450749516, 1415.8613765239716, 1354.6556987166405, 1355.1843438185751, 1367.0211201906204, 1358.2212933525443, 1357.7589628845453, 1355.3516716137528, 1345.8023855164647, 1323.233434099704, 1332.7268233969808, 1352.1714956313372, 1306.4094075784087, 1298.2217307146639, 1341.7916606366634, 1319.5937707051635, 1367.0633232593536, 1320.9884487092495, 1333.7516499124467, 1336.5764430053532, 1294.8424698021263, 1319.448301769793, 1326.9738259762526, 1311.2454351484776, 1296.5093178004026], "accuracies": [0.37420526793823794, 0.39509536784741145, 0.4187102633969119, 0.36693914623069934, 0.3978201634877384, 0.4123524069028156, 0.3996366939146231, 0.40417801998183467, 0.36239782016348776, 0.36603088101725706, 0.4014532243415077, 0.4087193460490463, 0.3941871026339691, 0.4114441416893733, 0.407811080835604, 0.3941871026339691, 0.4087193460490463, 0.4214350590372389, 0.44141689373297005, 0.4268846503178928, 0.37057220708446864, 0.3860127157129882, 0.407811080835604, 0.410535876475931, 0.40236148955495005, 0.35967302452316074, 0.4187102633969119, 0.4141689373297003, 0.4141689373297003, 0.4214350590372389], "best_model_acc": {"train": 0.4575140449438202, "dev": 0.44141689373297005, "test": 0.4416289592760181}, "configs": {"model_name": "PTDeepCBOW", "model_args": {"embedding_dim": 300, "hidden_dim": 100, "output_dim": 5}, "optim_args": {"lr": 0.0005}, "train_args": {"num_iterations": 30000, "print_every": 1000, "eval_every": 1000}, "seed": 420, "use_pretrained_embeddings": true, "pretrained_embeddings_path": "./googlenews.word2vec.300d.txt", "plot_losses": true, "plot_accuracies": true, "verbose": false, "expt_name": ""}}