{"train": [0.4537687265917603, 0.45306647940074907, 0.4575140449438202], "dev": [0.444141689373297, 0.4332425068119891, 0.44141689373297005], "test": [0.43981900452488687, 0.4452488687782805, 0.4416289592760181]}