{"model_name": "PTDeepCBOW", "losses": [1565.1223093792796, 1413.0471117794514, 1426.0794377364218, 1397.1902969181538, 1397.884772658348, 1386.6350932866335, 1381.139968112111, 1357.9354601949453, 1394.4345430284739, 1321.4016316570342, 1372.9913082271814, 1353.6742736175656, 1327.3411094844341, 1353.188681602478, 1313.325303554535, 1341.294294692576, 1347.3507380783558, 1321.9110361859202, 1345.79364400357, 1336.8989199846983, 1346.2405200377107, 1327.2320424467325, 1285.237897414714, 1334.751104928553, 1331.1621577888727, 1319.8352443352342, 1327.831353276968, 1328.8145762514323, 1347.9456431940198, 1324.910565301776], "accuracies": [0.3387829246139873, 0.36966394187102636, 0.40054495912806537, 0.39691189827429607, 0.40236148955495005, 0.39691189827429607, 0.34514078110808355, 0.3905540417801998, 0.4250681198910082, 0.3796548592188919, 0.3851044504995459, 0.4087193460490463, 0.40599455040871935, 0.40599455040871935, 0.410535876475931, 0.41689373297002724, 0.3832879200726612, 0.3787465940054496, 0.3923705722070845, 0.40417801998183467, 0.4332425068119891, 0.4268846503178928, 0.3978201634877384, 0.4114441416893733, 0.405086285195277, 0.4187102633969119, 0.4114441416893733, 0.3887375113533152, 0.40599455040871935, 0.38782924613987285], "best_model_acc": {"train": 0.45306647940074907, "dev": 0.4332425068119891, "test": 0.4452488687782805}, "configs": {"model_name": "PTDeepCBOW", "model_args": {"embedding_dim": 300, "hidden_dim": 100, "output_dim": 5}, "optim_args": {"lr": 0.0005}, "train_args": {"num_iterations": 30000, "print_every": 1000, "eval_every": 1000}, "seed": 42, "use_pretrained_embeddings": true, "pretrained_embeddings_path": "./googlenews.word2vec.300d.txt", "plot_losses": true, "plot_accuracies": true, "verbose": false, "expt_name": ""}}