{"train": [0.44967228464419473, 0.43375468164794007, 0.4446395131086142], "dev": [0.42779291553133514, 0.43142597638510444, 0.44141689373297005], "test": [0.4289592760180995, 0.4343891402714932, 0.4416289592760181]}