{"model_name": "PTDeepCBOW", "losses": [1576.9087473005056, 1465.1254188269377, 1428.8572182655334, 1413.3218317674473, 1399.1374890059233, 1407.6519151329994, 1378.742651090026, 1346.4673611670732, 1336.5718236714602, 1344.3590214252472, 1313.9055331964046, 1369.529204852879, 1378.2288836091757, 1355.7820660620928, 1345.0309640988708, 1358.852527424693, 1344.1864622980356, 1298.0081268697977, 1327.0383192710578, 1361.34768037498, 1299.9265873208642, 1325.4485435672104, 1304.5784054994583, 1312.4183873534203, 1331.2793590947986, 1333.0571934878826, 1339.5445562452078, 1297.5736551433802, 1287.5815461054444, 1298.182968299836], "accuracies": [0.36239782016348776, 0.3941871026339691, 0.3678474114441417, 0.3851044504995459, 0.4214350590372389, 0.36966394187102636, 0.3905540417801998, 0.4178019981834696, 0.3469573115349682, 0.410535876475931, 0.3960036330608538, 0.40054495912806537, 0.3460490463215259, 0.3978201634877384, 0.3923705722070845, 0.405086285195277, 0.4305177111716621, 0.39146230699364215, 0.39872842870118075, 0.4250681198910082, 0.3932788374205268, 0.40054495912806537, 0.4032697547683924, 0.40054495912806537, 0.40962761126248864, 0.444141689373297, 0.405086285195277, 0.4250681198910082, 0.4187102633969119, 0.371480472297911], "best_model_acc": {"train": 0.4537687265917603, "dev": 0.444141689373297, "test": 0.43981900452488687}, "configs": {"model_name": "PTDeepCBOW", "model_args": {"embedding_dim": 300, "hidden_dim": 100, "output_dim": 5}, "optim_args": {"lr": 0.0005}, "train_args": {"num_iterations": 30000, "print_every": 1000, "eval_every": 1000}, "seed": 0, "use_pretrained_embeddings": true, "pretrained_embeddings_path": "./googlenews.word2vec.300d.txt", "plot_losses": true, "plot_accuracies": true, "verbose": false, "expt_name": ""}}