{"model_name": "LSTMClassifier", "losses": [305.5092866420746, 230.77978593111038, 207.45558059215546, 193.84795680642128, 187.14322638511658, 179.41342052817345, 172.18676462769508, 171.77147442102432, 167.55086055397987, 159.04299345612526, 159.5480867922306, 159.46107625961304, 155.33955208957195, 151.68943625688553, 157.4599145948887, 151.13523307442665, 156.43293404579163, 150.45543499290943, 149.86821499466896, 151.8117332458496, 145.74148266017437, 148.7639597952366, 143.78695970773697, 141.16274817287922, 149.35701170563698, 147.5089945346117, 145.11819344758987, 144.6937892884016, 136.07649268209934, 143.0606356561184, 139.1013554185629, 146.83432173728943, 143.93032808601856, 139.0161276757717, 142.44481298327446, 143.9973398298025, 140.0105949640274, 139.55791464447975, 137.632881000638, 138.69926926493645, 138.70702402293682, 133.15287049114704, 144.37858545780182, 139.80093236267567, 141.79076085984707, 135.4014297425747, 138.51023492217064, 136.5807668864727, 138.4948783069849, 134.2574338912964, 132.23851765692234, 132.5055307596922, 136.32108944654465, 133.8719336539507, 132.1437004506588, 131.26352958381176, 136.17203380167484, 130.77549295127392, 134.20822730660439, 135.31815272569656, 129.9915840178728, 133.4320836365223, 129.308061927557, 125.96660414338112, 128.38309466838837, 134.09562119841576, 128.50898224115372, 132.94644084572792, 133.9848375916481, 133.0528749972582, 130.25608979165554, 131.5082697570324, 126.99899153411388, 128.1560339331627, 131.09638279676437, 126.1347816735506, 130.0106155872345, 128.9578386992216, 128.1116655766964, 124.96061150729656, 130.7247726470232, 127.1356276422739, 127.5706648081541, 127.91927140951157, 133.89590460062027, 133.02304555475712, 125.30844937264919, 132.47033296525478, 127.09734016656876, 132.37831504642963, 125.82707946002483, 127.95433543622494, 123.67844854295254, 128.10939498245716, 126.60973040759563, 132.76682503521442, 124.17941004037857, 125.18377023935318, 125.55402266979218, 128.90458230674267, 124.34872034937143, 124.65885601937771, 120.58874970674515, 116.43974082171917, 120.13756375014782, 122.43650130927563, 122.41698625683784, 119.00209181010723, 124.68185302615166, 123.47631397843361, 121.64659775793552, 122.31100299209356, 116.38170482218266, 116.42023785412312, 119.58761520683765, 122.07619950175285, 121.62965969741344, 120.54745511710644, 120.43861617147923, 123.13928616046906], "accuracies": [0.3496821071752952, 0.35240690281562215, 0.3605812897366031, 0.3496821071752952, 0.36693914623069934, 0.3923705722070845, 0.3941871026339691, 0.3860127157129882, 0.39691189827429607, 0.405086285195277, 0.4141689373297003, 0.39146230699364215, 0.40236148955495005, 0.4196185286103542, 0.4250681198910082, 0.4178019981834696, 0.4141689373297003, 0.4087193460490463, 0.41326067211625794, 0.405086285195277, 0.3887375113533152, 0.4268846503178928, 0.4214350590372389, 0.4250681198910082, 0.4159854677565849, 0.4250681198910082, 0.42052679382379654, 0.4332425068119891, 0.4405086285195277, 0.4332425068119891, 0.44323342415985467, 0.4514078110808356, 0.4150772025431426, 0.43415077202543145, 0.44323342415985467, 0.45413260672116257, 0.4296094459582198, 0.45594913714804725, 0.44595821980018163, 0.444141689373297, 0.45594913714804725, 0.4713896457765668, 0.45685740236148953, 0.44686648501362397, 0.45049954586739327, 0.44323342415985467, 0.44959128065395093, 0.44595821980018163, 0.4323342415985468, 0.44959128065395093, 0.44595821980018163, 0.44868301544050865, 0.46321525885558584, 0.45322434150772023, 0.4641235240690282, 0.45231607629427795, 0.47229791099000906, 0.45958219800181654, 0.45776566757493187, 0.4677565849227975, 0.45776566757493187, 0.45958219800181654, 0.46503178928247046, 0.45413260672116257, 0.4677565849227975, 0.4604904632152589, 0.45685740236148953, 0.4677565849227975, 0.46866485013623976, 0.47048138056312444, 0.4604904632152589, 0.4359673024523161, 0.46321525885558584, 0.46866485013623976, 0.45322434150772023, 0.4641235240690282, 0.46866485013623976, 0.44595821980018163, 0.4713896457765668, 0.44595821980018163, 0.46866485013623976, 0.4732061762034514, 0.4750227066303361, 0.4586739327883742, 0.4713896457765668, 0.45776566757493187, 0.4913714804722979, 0.4641235240690282, 0.4768392370572207, 0.4750227066303361, 0.46139872842870117, 0.47956403269754766, 0.485921889191644, 0.47956403269754766, 0.4677565849227975, 0.4677565849227975, 0.46866485013623976, 0.48319709355131696, 0.47774750227066304, 0.4677565849227975, 0.4677565849227975, 0.4659400544959128, 0.4713896457765668, 0.47774750227066304, 0.4713896457765668, 0.47956403269754766, 0.485921889191644, 0.49591280653950953, 0.4750227066303361, 0.4768392370572207, 0.48864668483197093, 0.4868301544050863, 0.47774750227066304, 0.48501362397820164, 0.44868301544050865, 0.4841053587647593, 0.48047229791099, 0.47229791099000906, 0.46684831970935514, 0.4913714804722979], "best_model_acc": {"train": 0.8161760551443584, "dev": 0.49591280653950953, "test": 0.4796380090497738}, "configs": {"model_args": {"embedding_dim": 300, "hidden_dim": 168, "output_dim": 5}, "train_args": {"num_iterations": 30000, "print_every": 250, "eval_every": 250, "batch_size": 25}, "optim_args": {"lr": 0.0002}, "seed": 42, "use_pretrained_embeddings": true, "pretrained_embeddings_path": "./googlenews.word2vec.300d.txt"}}