{"model_name": "LSTMClassifier", "losses": [293.05761271715164, 232.18794745206833, 205.21834820508957, 195.62599417567253, 185.65898868441582, 181.03930607438087, 170.52699819207191, 166.3546388745308, 163.32919904589653, 160.87121185660362, 155.7658899128437, 153.6970033943653, 158.9072751402855, 153.6486758440733, 153.00620996952057, 148.9043494015932, 148.7694193571806, 151.74033699929714, 146.19526353478432, 149.04218924045563, 147.09866981208324, 151.88875350356102, 147.0378414541483, 146.65892858803272, 148.47968031466007, 141.41537755727768, 145.7669022679329, 146.9590301811695, 139.49588665366173, 139.09579691290855, 142.44734002649784, 144.29185213148594, 140.814853399992, 144.6000794917345, 148.18363389372826, 136.86461374163628, 141.80683179199696, 140.53573089838028, 141.3403358757496, 139.72841961681843, 141.8532229810953, 139.41984067857265, 138.96875967085361, 138.9312248826027, 139.6574234366417, 138.06279474496841, 130.6960924267769, 133.44087570905685, 134.09201246500015, 133.51487527787685, 137.58066160976887, 134.0910914093256, 129.31034570932388, 134.03703959286213, 132.52890357375145, 133.2056549489498, 131.1896652430296, 134.15416845679283, 133.27630104124546, 132.49083225429058, 129.53905914723873, 132.29930418729782, 128.58976170420647, 130.57712534070015, 131.90246130526066, 136.34834928810596, 130.23593394458294, 133.86769177019596, 127.05214193463326, 133.826123803854, 134.99999336898327, 136.64244957268238, 127.97191716730595, 131.2417967170477, 123.59058003127575, 128.6704498976469, 131.31129848957062, 129.77614378929138, 124.31012649834156, 131.90518207848072, 128.19455330073833, 128.95898331701756, 128.41348254680634, 126.11949408054352, 128.29036144912243, 131.85920250415802, 126.4308879673481, 128.4056263267994, 124.60192514955997, 122.58079944550991, 129.745482057333, 125.57300450652838, 132.24164701998234, 120.95220881700516, 124.28755794465542, 123.22297163307667, 123.5763613730669, 126.43048976361752, 125.84991146624088, 126.94868651032448, 126.28575325012207, 128.00938145816326, 125.00815086066723, 123.5587497651577, 123.87395538389683, 120.19605284929276, 118.56620904803276, 119.26466318964958, 122.83533692359924, 117.03691278398037, 124.44079683721066, 119.52437755465508, 121.02219666540623, 118.83582372963428, 119.51968418061733, 122.66587945818901, 120.18402872979641, 117.74236516654491, 122.4213445186615, 117.50254398584366], "accuracies": [0.27157129881925524, 0.3460490463215259, 0.36693914623069934, 0.3651226158038147, 0.40599455040871935, 0.3442325158946412, 0.3832879200726612, 0.4150772025431426, 0.34514078110808355, 0.407811080835604, 0.3960036330608538, 0.3405994550408719, 0.38419618528610355, 0.3796548592188919, 0.4114441416893733, 0.3678474114441417, 0.40599455040871935, 0.40236148955495005, 0.4114441416893733, 0.4232515894641235, 0.4323342415985468, 0.42415985467756584, 0.4259763851044505, 0.44323342415985467, 0.4405086285195277, 0.44959128065395093, 0.4259763851044505, 0.4232515894641235, 0.4332425068119891, 0.44504995458673935, 0.44504995458673935, 0.4323342415985468, 0.43505903723887374, 0.45685740236148953, 0.45231607629427795, 0.43778383287920075, 0.4323342415985468, 0.44959128065395093, 0.43778383287920075, 0.45413260672116257, 0.44686648501362397, 0.45413260672116257, 0.45049954586739327, 0.45413260672116257, 0.4641235240690282, 0.4477747502270663, 0.4268846503178928, 0.45231607629427795, 0.45413260672116257, 0.4586739327883742, 0.4677565849227975, 0.43869209809264303, 0.4786557674841054, 0.46139872842870117, 0.44959128065395093, 0.45685740236148953, 0.44141689373297005, 0.4604904632152589, 0.4550408719346049, 0.4695731153496821, 0.45049954586739327, 0.4677565849227975, 0.46684831970935514, 0.4695731153496821, 0.4677565849227975, 0.46139872842870117, 0.46866485013623976, 0.46684831970935514, 0.46139872842870117, 0.43505903723887374, 0.4677565849227975, 0.45322434150772023, 0.4713896457765668, 0.46684831970935514, 0.4623069936421435, 0.4913714804722979, 0.46684831970935514, 0.48319709355131696, 0.4677565849227975, 0.4786557674841054, 0.4623069936421435, 0.46684831970935514, 0.47229791099000906, 0.4659400544959128, 0.4641235240690282, 0.47048138056312444, 0.46321525885558584, 0.47774750227066304, 0.485921889191644, 0.4604904632152589, 0.4713896457765668, 0.4750227066303361, 0.4732061762034514, 0.48047229791099, 0.49227974568574023, 0.4750227066303361, 0.4877384196185286, 0.47411444141689374, 0.47229791099000906, 0.4750227066303361, 0.4868301544050863, 0.46684831970935514, 0.4623069936421435, 0.4841053587647593, 0.4768392370572207, 0.48501362397820164, 0.48047229791099, 0.4786557674841054, 0.47593097184377836, 0.4841053587647593, 0.4768392370572207, 0.4750227066303361, 0.4822888283378747, 0.48047229791099, 0.4623069936421435, 0.47593097184377836, 0.47774750227066304, 0.4677565849227975, 0.4822888283378747, 0.4750227066303361], "best_model_acc": {"train": 0.8141389030139807, "dev": 0.49227974568574023, "test": 0.47873303167420816}, "configs": {"model_args": {"embedding_dim": 300, "hidden_dim": 168, "output_dim": 5}, "train_args": {"num_iterations": 30000, "print_every": 250, "eval_every": 250, "batch_size": 25}, "optim_args": {"lr": 0.0002}, "seed": 420, "use_pretrained_embeddings": true, "pretrained_embeddings_path": "./googlenews.word2vec.300d.txt"}}