{"model_name": "LSTMClassifier", "losses": [305.1515709757805, 235.06524205207825, 207.17740216851234, 198.9333584010601, 188.22426635026932, 178.22047460079193, 166.1670371890068, 164.31499698758125, 163.03864336013794, 167.22850933670998, 157.84684696793556, 157.03853604197502, 156.62655729055405, 156.0603015422821, 154.39443039894104, 151.54489183425903, 145.5996784567833, 144.91036227345467, 149.8588623702526, 149.0247765481472, 148.78165113925934, 146.57444095611572, 144.69163797795773, 143.66514986753464, 149.31668269634247, 145.96131911873817, 141.5450796931982, 142.1459803879261, 139.75602389872074, 142.31719253957272, 146.2280993014574, 143.4542088508606, 144.90477411448956, 137.20709323883057, 141.09572276473045, 141.16035579144955, 144.94347867369652, 138.03508503735065, 140.17504823207855, 136.40958733856678, 140.8867825716734, 142.69204929471016, 137.52891819179058, 134.87924368679523, 141.43849106132984, 134.61263859272003, 141.0611388385296, 133.69882072508335, 138.17617747187614, 134.79967065155506, 136.82076007127762, 136.09572580456734, 131.49379697442055, 133.1715730726719, 132.197597771883, 136.80680371820927, 134.42344176769257, 131.8895651549101, 132.26670636236668, 128.77722716331482, 130.9278250336647, 132.01528356969357, 130.0329408943653, 131.18989926576614, 129.33621372282505, 129.1860826164484, 128.99395605921745, 130.94496668875217, 127.58862687647343, 131.508226826787, 131.75779795646667, 132.26381190121174, 127.00099977850914, 133.16308799386024, 129.09487077593803, 129.546587780118, 129.78741896152496, 128.60220058262348, 128.03043961524963, 127.31706348061562, 125.28692132234573, 129.86595502495766, 129.05459761619568, 127.31518952548504, 132.79926396906376, 127.06272022426128, 128.0543210953474, 130.43246848881245, 130.26868723332882, 126.6118890196085, 130.31089659035206, 126.38318476080894, 126.36765168607235, 126.60983735322952, 124.04405209422112, 123.93147265911102, 126.36579692363739, 129.52509646117687, 119.2551346719265, 125.18391434848309, 126.71755063533783, 125.95892019569874, 119.10381385684013, 122.4921572804451, 124.31877000629902, 122.5821490585804, 121.08650887012482, 117.27784939110279, 121.09661231189966, 118.31431272625923, 122.97420337796211, 123.85407841205597, 122.97088281810284, 121.73663325607777, 122.83979034423828, 120.97955757379532, 117.86647121608257, 119.045933611691, 120.08485911786556, 120.05845975875854], "accuracies": [0.31244323342415986, 0.3442325158946412, 0.3542234332425068, 0.3751135331516803, 0.3478655767484105, 0.3533151680290645, 0.37057220708446864, 0.3996366939146231, 0.37057220708446864, 0.4087193460490463, 0.35967302452316074, 0.4114441416893733, 0.3960036330608538, 0.4087193460490463, 0.410535876475931, 0.40417801998183467, 0.3978201634877384, 0.4032697547683924, 0.4069028156221617, 0.42779291553133514, 0.41689373297002724, 0.4250681198910082, 0.4332425068119891, 0.42415985467756584, 0.4405086285195277, 0.42052679382379654, 0.43415077202543145, 0.4268846503178928, 0.44141689373297005, 0.3896457765667575, 0.44232515894641233, 0.4396003633060854, 0.44959128065395093, 0.44595821980018163, 0.4514078110808356, 0.4368755676657584, 0.43869209809264303, 0.4477747502270663, 0.44686648501362397, 0.42052679382379654, 0.4296094459582198, 0.4514078110808356, 0.4659400544959128, 0.44686648501362397, 0.44595821980018163, 0.45049954586739327, 0.45231607629427795, 0.45776566757493187, 0.45958219800181654, 0.45594913714804725, 0.4477747502270663, 0.45231607629427795, 0.44141689373297005, 0.46503178928247046, 0.45776566757493187, 0.45594913714804725, 0.4822888283378747, 0.46866485013623976, 0.47229791099000906, 0.4477747502270663, 0.44595821980018163, 0.4623069936421435, 0.4695731153496821, 0.46684831970935514, 0.47229791099000906, 0.4550408719346049, 0.45685740236148953, 0.4623069936421435, 0.4623069936421435, 0.4623069936421435, 0.45685740236148953, 0.45685740236148953, 0.4677565849227975, 0.4713896457765668, 0.46503178928247046, 0.46321525885558584, 0.4750227066303361, 0.4841053587647593, 0.4713896457765668, 0.46866485013623976, 0.4895549500454133, 0.485921889191644, 0.48864668483197093, 0.4713896457765668, 0.48047229791099, 0.4713896457765668, 0.4713896457765668, 0.47593097184377836, 0.4659400544959128, 0.47048138056312444, 0.47593097184377836, 0.47956403269754766, 0.47048138056312444, 0.48047229791099, 0.48138056312443234, 0.4904632152588556, 0.47593097184377836, 0.45958219800181654, 0.46321525885558584, 0.4604904632152589, 0.47048138056312444, 0.45685740236148953, 0.4950045413260672, 0.48501362397820164, 0.4695731153496821, 0.47774750227066304, 0.4677565849227975, 0.48047229791099, 0.4786557674841054, 0.4659400544959128, 0.46684831970935514, 0.47048138056312444, 0.46684831970935514, 0.48047229791099, 0.4877384196185286, 0.47229791099000906, 0.485921889191644, 0.4868301544050863, 0.49227974568574023, 0.485921889191644], "best_model_acc": {"train": 0.8172966457615308, "dev": 0.4950045413260672, "test": 0.4800904977375566}, "configs": {"model_args": {"embedding_dim": 300, "hidden_dim": 168, "output_dim": 5}, "train_args": {"num_iterations": 30000, "print_every": 250, "eval_every": 250, "batch_size": 25}, "optim_args": {"lr": 0.0002}, "seed": 0, "use_pretrained_embeddings": true, "pretrained_embeddings_path": "./googlenews.word2vec.300d.txt"}}