{"model_name": "TreeLSTMClassifier", "losses": [386.2710084915161, 336.74676072597504, 319.9595605134964, 315.29248094558716, 305.64845752716064, 299.5148365497589, 299.757522046566, 294.2885888814926, 290.7960125207901, 287.22429341077805, 286.82512402534485, 275.8042291998863, 278.1046385169029, 272.9530431628227, 268.6528992652893, 262.6168043613434, 260.21517860889435, 257.9780096411705, 254.50345659255981, 246.81228172779083], "accuracies": [0.35876475930971846, 0.4159854677565849, 0.4287011807447775, 0.4396003633060854, 0.44868301544050865, 0.44141689373297005, 0.44868301544050865, 0.4477747502270663, 0.44232515894641233, 0.4477747502270663, 0.46684831970935514, 0.45049954586739327, 0.4604904632152589, 0.4659400544959128, 0.45231607629427795, 0.46321525885558584, 0.45776566757493187, 0.44504995458673935, 0.46503178928247046, 0.44959128065395093], "best_model_acc": {"train": 0.53312265917603, "dev": 0.46684831970935514, "test": 0.47828054298642536}, "configs": {"model_args": {"embedding_dim": 300, "hidden_dim": 150, "output_dim": 5}, "train_args": {"num_iterations": 5000, "print_every": 250, "eval_every": 250, "batch_size": 25}, "optim_args": {"lr": 0.0002}, "seed": 420, "use_pretrained_embeddings": true, "pretrained_embeddings_path": "./glove.840B.300d.sst.txt"}}