{"model_name": "TreeLSTMClassifier", "losses": [383.8612461090088, 338.1358244419098, 322.32484769821167, 315.7815765738487, 306.84080266952515, 301.55133628845215, 301.5462000966072, 296.0676000714302, 289.662987947464, 286.9319697022438, 284.7892561554909, 279.7109248638153, 277.2451665401459, 273.49584913253784, 272.9617381095886, 263.67968344688416, 261.21517103910446, 258.8652265071869, 253.4529166817665, 251.5364637374878], "accuracies": [0.3823796548592189, 0.4123524069028156, 0.4232515894641235, 0.43415077202543145, 0.4405086285195277, 0.44868301544050865, 0.45049954586739327, 0.4514078110808356, 0.44959128065395093, 0.45685740236148953, 0.45413260672116257, 0.45049954586739327, 0.4550408719346049, 0.45413260672116257, 0.444141689373297, 0.4604904632152589, 0.4623069936421435, 0.45049954586739327, 0.44504995458673935, 0.4305177111716621], "best_model_acc": {"train": 0.5774812734082397, "dev": 0.4623069936421435, "test": 0.4592760180995475}, "configs": {"model_args": {"embedding_dim": 300, "hidden_dim": 150, "output_dim": 5}, "train_args": {"num_iterations": 5000, "print_every": 250, "eval_every": 250, "batch_size": 25}, "optim_args": {"lr": 0.0002}, "seed": 42, "use_pretrained_embeddings": true, "pretrained_embeddings_path": "./glove.840B.300d.sst.txt"}}