{"model_name": "TreeLSTMClassifier", "losses": [385.63378739356995, 336.8252766132355, 318.63338363170624, 314.0975528359413, 305.4656339287758, 300.01934826374054, 299.1678924560547, 294.1485425233841, 289.0666151046753, 286.06045573949814, 286.38122326135635, 276.10364907979965, 278.0461220741272, 273.7195500731468, 268.1890786290169, 263.3020163178444, 259.241026699543, 256.60178220272064, 253.20736056566238, 245.06431782245636], "accuracies": [0.35603996366939145, 0.4141689373297003, 0.4268846503178928, 0.44323342415985467, 0.4405086285195277, 0.4477747502270663, 0.4604904632152589, 0.44595821980018163, 0.45049954586739327, 0.4550408719346049, 0.46503178928247046, 0.45413260672116257, 0.45322434150772023, 0.45413260672116257, 0.4586739327883742, 0.45958219800181654, 0.4514078110808356, 0.45594913714804725, 0.45776566757493187, 0.45322434150772023], "best_model_acc": {"train": 0.5366338951310862, "dev": 0.46503178928247046, "test": 0.47420814479638007}, "configs": {"model_args": {"embedding_dim": 300, "hidden_dim": 150, "output_dim": 5}, "train_args": {"num_iterations": 5000, "print_every": 250, "eval_every": 250, "batch_size": 25}, "optim_args": {"lr": 0.0002}, "seed": 420, "use_pretrained_embeddings": true, "pretrained_embeddings_path": "./glove.840B.300d.sst.txt"}}