{"model_name": "TreeLSTMClassifier", "losses": [384.10637307167053, 330.85403084754944, 321.73935544490814, 314.7514615058899, 309.5259674191475, 300.56290704011917, 301.4907680749893, 295.3872841000557, 290.6636605858803, 286.8745861053467, 286.70172733068466, 279.86817890405655, 275.6351560354233, 276.1215482354164, 271.31877064704895, 264.7062503695488, 264.8507896065712, 257.84033262729645, 255.85258734226227, 249.5523852109909], "accuracies": [0.3996366939146231, 0.4069028156221617, 0.4332425068119891, 0.43415077202543145, 0.444141689373297, 0.44232515894641233, 0.44141689373297005, 0.4477747502270663, 0.45231607629427795, 0.45776566757493187, 0.45413260672116257, 0.44595821980018163, 0.4623069936421435, 0.45776566757493187, 0.45685740236148953, 0.47048138056312444, 0.45594913714804725, 0.44323342415985467, 0.4550408719346049, 0.4477747502270663], "best_model_acc": {"train": 0.5678838951310862, "dev": 0.47048138056312444, "test": 0.46244343891402717}, "configs": {"model_args": {"embedding_dim": 300, "hidden_dim": 150, "output_dim": 5}, "train_args": {"num_iterations": 5000, "print_every": 250, "eval_every": 250, "batch_size": 25}, "optim_args": {"lr": 0.0002}, "seed": 0, "use_pretrained_embeddings": true, "pretrained_embeddings_path": "./glove.840B.300d.sst.txt"}}