{"train": [0.5678838951310862, 0.5574672284644194, 0.5366338951310862], "dev": [0.47048138056312444, 0.46321525885558584, 0.46503178928247046], "test": [0.46244343891402717, 0.465158371040724, 0.47420814479638007]}