{"train": [0.5060861423220974, 0.4845505617977528, 0.4948501872659176], "dev": [0.45594913714804725, 0.4604904632152589, 0.4623069936421435], "test": [0.4592760180995475, 0.4633484162895928, 0.4588235294117647]}