{"train": [0.5334737827715356, 0.5429541198501873, 0.5360486891385767], "dev": [0.4677565849227975, 0.47593097184377836, 0.47229791099000906], "test": [0.45610859728506786, 0.467420814479638, 0.47737556561085975]}