{"model_name": "TreeLSTMClassifier", "losses": [383.81556260585785, 330.48986744880676, 322.2492072582245, 313.9956757426262, 309.80667102336884, 300.3810179233551, 300.75465083122253, 294.65576791763306, 290.6577808856964, 287.80994379520416, 286.6077827811241, 280.5852237343788, 276.61498469114304, 276.05077904462814, 272.1335244178772, 263.137307703495, 263.7149760723114, 258.0377311706543, 255.47143191099167, 248.8429580926895], "accuracies": [0.4014532243415077, 0.4032697547683924, 0.43415077202543145, 0.4323342415985468, 0.4368755676657584, 0.4368755676657584, 0.4396003633060854, 0.44232515894641233, 0.44868301544050865, 0.4623069936421435, 0.45685740236148953, 0.45685740236148953, 0.4641235240690282, 0.45594913714804725, 0.46503178928247046, 0.47048138056312444, 0.4514078110808356, 0.45322434150772023, 0.46321525885558584, 0.45776566757493187], "best_model_acc": {"train": 0.5635533707865169, "dev": 0.47048138056312444, "test": 0.46199095022624437}, "configs": {"model_args": {"embedding_dim": 300, "hidden_dim": 150, "output_dim": 5}, "train_args": {"num_iterations": 5000, "print_every": 250, "eval_every": 250, "batch_size": 25}, "optim_args": {"lr": 0.0002}, "seed": 0, "use_pretrained_embeddings": true, "pretrained_embeddings_path": "./glove.840B.300d.sst.txt"}}