{"model_name": "TreeLSTMClassifier", "losses": [389.15634751319885, 340.70811688899994, 327.9379253387451, 320.19878005981445, 315.83186250925064, 308.1554026603699, 308.7132983803749, 302.52519822120667, 301.0037282705307, 296.02977335453033, 296.1590411067009, 292.75682842731476, 289.3717477321625, 288.4670575261116, 286.38435620069504, 279.7310022711754, 281.3029829263687, 277.6497822999954, 274.9629200696945, 271.33381670713425], "accuracies": [0.37057220708446864, 0.4069028156221617, 0.4214350590372389, 0.4250681198910082, 0.43505903723887374, 0.4359673024523161, 0.43869209809264303, 0.44232515894641233, 0.44504995458673935, 0.4514078110808356, 0.44959128065395093, 0.4514078110808356, 0.45685740236148953, 0.444141689373297, 0.43869209809264303, 0.44868301544050865, 0.43869209809264303, 0.43869209809264303, 0.44686648501362397, 0.4359673024523161], "best_model_acc": {"train": 0.5072565543071161, "dev": 0.45685740236148953, "test": 0.46199095022624437}, "configs": {"model_args": {"embedding_dim": 300, "hidden_dim": 150, "output_dim": 5}, "train_args": {"num_iterations": 5000, "print_every": 250, "eval_every": 250, "batch_size": 25}, "optim_args": {"lr": 0.0002}, "seed": 0, "use_pretrained_embeddings": true, "pretrained_embeddings_path": "./googlenews.word2vec.300d.txt"}}