{"train": [0.5072565543071161, 0.5003511235955056, 0.4943820224719101], "dev": [0.45685740236148953, 0.45776566757493187, 0.4514078110808356], "test": [0.46199095022624437, 0.4660633484162896, 0.4588235294117647]}