{"train": [0.7986734969332856, 0.8016994054905802, 0.7949162225110019], "dev": [0.49227974568574023, 0.4913714804722979, 0.49227974568574023], "test": [0.4986425339366516, 0.49592760180995477, 0.49321266968325794]}