{"model_name": "PTDeepCBOW", "losses": [1850.5578241050243, 1585.8962916731834, 1551.5644155144691, 1557.000959932804, 1565.056657075882, 1544.8074632287025, 1530.7053574323654, 1490.3203461766243, 1506.4171413779259, 1488.4969880580902, 1488.9292795658112, 1471.4681115746498, 1481.5694143176079, 1441.5549430847168, 1446.7818504273891, 1442.6553689837456, 1433.5102601647377, 1398.844342380762, 1411.3968161940575, 1414.5011808276176, 1382.1283039450645, 1406.4633312821388, 1384.5874509811401, 1383.8823114335537, 1378.768338471651, 1364.6675730347633, 1370.085316568613, 1365.826043277979, 1354.4553394019604, 1341.7081056833267, 1329.1310380995274, 1325.9895043075085, 1374.4386021494865, 1328.0296466946602, 1298.8712376654148, 1314.0368819236755, 1332.785923808813, 1332.2525484710932, 1339.6854928433895, 1331.958654999733, 1317.5978413373232, 1327.528190344572, 1301.391534022987, 1316.5883262604475, 1309.970597922802, 1303.524002879858, 1299.1779783964157, 1308.576396882534, 1326.1597960442305, 1291.8283965736628, 1310.9713188707829, 1278.286275997758, 1290.0708399042487, 1294.026540480554, 1290.9057284593582, 1315.6543084979057, 1313.009859547019, 1294.9526245743036, 1277.419079437852, 1280.8233250528574], "accuracies": [0.25340599455040874, 0.24704813805631246, 0.27883742052679383, 0.28973660308810173, 0.30154405086285196, 0.3188010899182561, 0.29336966394187103, 0.3333333333333333, 0.3496821071752952, 0.3424159854677566, 0.33787465940054495, 0.3442325158946412, 0.38419618528610355, 0.36966394187102636, 0.3869209809264305, 0.3887375113533152, 0.3887375113533152, 0.3832879200726612, 0.4069028156221617, 0.407811080835604, 0.3996366939146231, 0.4087193460490463, 0.4114441416893733, 0.4159854677565849, 0.41326067211625794, 0.4196185286103542, 0.4150772025431426, 0.4141689373297003, 0.4159854677565849, 0.4150772025431426, 0.4141689373297003, 0.42415985467756584, 0.4141689373297003, 0.42052679382379654, 0.4223433242506812, 0.4196185286103542, 0.40599455040871935, 0.4259763851044505, 0.4114441416893733, 0.42779291553133514, 0.4178019981834696, 0.4214350590372389, 0.4296094459582198, 0.4359673024523161, 0.40599455040871935, 0.4287011807447775, 0.4250681198910082, 0.4296094459582198, 0.4405086285195277, 0.43415077202543145, 0.43142597638510444, 0.4268846503178928, 0.44141689373297005, 0.4296094459582198, 0.4359673024523161, 0.4250681198910082, 0.43142597638510444, 0.4287011807447775, 0.4305177111716621, 0.43505903723887374], "best_model_acc": {"train": 0.4446395131086142, "dev": 0.44141689373297005, "test": 0.4416289592760181}, "configs": {"model_args": {"embedding_dim": 300, "hidden_dim": 100, "output_dim": 5}, "train_args": {"num_iterations": 60000, "print_every": 1000, "eval_every": 1000}, "optim_args": {"lr": 1e-05}, "seed": 420, "use_pretrained_embeddings": true, "pretrained_embeddings_path": "./googlenews.word2vec.300d.txt"}}