{"model_name": "TreeLSTMClassifier", "losses": [390.61424219608307, 345.642755150795, 327.79013627767563, 320.41117054224014, 314.0442805290222, 307.9625353217125, 308.7557753920555, 303.2131190896034, 298.29884773492813, 297.0717609524727, 295.5718324184418, 290.6462427377701, 291.3782824277878, 287.7018721103668, 286.42322701215744, 282.88113474845886, 280.0034995675087, 278.2566843032837, 276.446953356266, 274.4399927854538], "accuracies": [0.36239782016348776, 0.3869209809264305, 0.4223433242506812, 0.4259763851044505, 0.4359673024523161, 0.43778383287920075, 0.4477747502270663, 0.4396003633060854, 0.45049954586739327, 0.43505903723887374, 0.44595821980018163, 0.45776566757493187, 0.45413260672116257, 0.44595821980018163, 0.4259763851044505, 0.45231607629427795, 0.44868301544050865, 0.44595821980018163, 0.4405086285195277, 0.4368755676657584], "best_model_acc": {"train": 0.5003511235955056, "dev": 0.45776566757493187, "test": 0.4660633484162896}, "configs": {"model_args": {"embedding_dim": 300, "hidden_dim": 150, "output_dim": 5}, "train_args": {"num_iterations": 5000, "print_every": 250, "eval_every": 250, "batch_size": 25}, "optim_args": {"lr": 0.0002}, "seed": 42, "use_pretrained_embeddings": true, "pretrained_embeddings_path": "./googlenews.word2vec.300d.txt"}}