{"model_name": "PTDeepCBOW", "losses": [1706.1832991540432, 1571.3538839817047, 1569.504686653614, 1556.3094975948334, 1538.6126865148544, 1532.5991182923317, 1525.0129782557487, 1508.3181151747704, 1501.748367011547, 1488.5098512768745, 1474.6363636255264, 1474.1227313280106, 1479.4126562476158, 1453.894661784172, 1448.6494398415089, 1442.539052605629, 1436.7740478217602, 1414.8843733668327, 1419.5760237574577, 1424.5632946193218, 1398.7367446124554, 1391.2082250118256, 1379.678827792406, 1382.0723964571953, 1364.4052067697048, 1374.433558166027, 1392.1061264425516, 1354.8456995487213, 1340.7917539477348, 1341.6650528907776, 1358.8188835680485, 1345.6108722686768, 1343.747199833393, 1322.1189463734627, 1346.3806397020817, 1329.7507933676243, 1321.079541116953, 1325.7136599421501, 1308.6174909472466, 1328.996931836009, 1321.4813356101513, 1330.0881213843822, 1296.0565688312054, 1300.7502237856388, 1311.4660276174545, 1283.9186054617167, 1314.249990016222, 1300.8197032511234, 1279.5018101334572, 1332.2133926153183, 1303.8940947949886, 1312.2830923050642, 1302.9176457673311, 1294.654518276453, 1292.1987573951483, 1285.844174489379, 1285.9305685535073, 1286.0274115353823, 1317.616074576974, 1264.311369150877], "accuracies": [0.26793823796548594, 0.28701180744777477, 0.30881017257039056, 0.3278837420526794, 0.3315168029064487, 0.3260672116257947, 0.35513169845594916, 0.34150772025431425, 0.35513169845594916, 0.368755676657584, 0.37057220708446864, 0.3723887375113533, 0.3542234332425068, 0.3642143505903724, 0.36330608537693004, 0.3760217983651226, 0.3996366939146231, 0.4014532243415077, 0.40054495912806537, 0.4087193460490463, 0.40417801998183467, 0.4014532243415077, 0.40417801998183467, 0.40417801998183467, 0.4014532243415077, 0.4150772025431426, 0.4141689373297003, 0.4150772025431426, 0.4032697547683924, 0.40962761126248864, 0.4141689373297003, 0.4150772025431426, 0.41326067211625794, 0.4114441416893733, 0.410535876475931, 0.4123524069028156, 0.4250681198910082, 0.4187102633969119, 0.4114441416893733, 0.4250681198910082, 0.407811080835604, 0.4196185286103542, 0.4141689373297003, 0.4196185286103542, 0.40962761126248864, 0.4214350590372389, 0.4250681198910082, 0.4141689373297003, 0.4187102633969119, 0.4232515894641235, 0.42415985467756584, 0.42415985467756584, 0.4232515894641235, 0.4232515894641235, 0.4187102633969119, 0.42779291553133514, 0.4268846503178928, 0.4232515894641235, 0.42415985467756584, 0.4268846503178928], "best_model_acc": {"train": 0.44967228464419473, "dev": 0.42779291553133514, "test": 0.4289592760180995}, "configs": {"model_args": {"embedding_dim": 300, "hidden_dim": 100, "output_dim": 5}, "train_args": {"num_iterations": 60000, "print_every": 1000, "eval_every": 1000}, "optim_args": {"lr": 1e-05}, "seed": 0, "use_pretrained_embeddings": true, "pretrained_embeddings_path": "./googlenews.word2vec.300d.txt"}}