{"model_name": "PTDeepCBOW", "losses": [1699.9564238488674, 1553.122666835785, 1553.9598877429962, 1537.0330541729927, 1538.9116997122765, 1534.713716328144, 1510.0498920083046, 1488.8795932531357, 1501.1622809767723, 1474.3102646172047, 1473.760928094387, 1473.3201038241386, 1439.4045259058475, 1449.8115448951721, 1416.4971654117107, 1425.8040043115616, 1424.9999150633812, 1409.905325472355, 1419.9116263091564, 1402.4080636501312, 1395.3720017373562, 1374.0062357485294, 1360.070423990488, 1369.5621258616447, 1375.9330146610737, 1349.3159316182137, 1369.597357839346, 1360.8057308197021, 1365.9428705871105, 1350.6784960329533, 1322.9863134026527, 1338.113115400076, 1318.7137245833874, 1342.6495249271393, 1312.9268018901348, 1325.3642187714577, 1311.242792636156, 1324.6186165213585, 1293.4741275757551, 1327.5624441802502, 1343.036898419261, 1350.6921936869621, 1288.565259873867, 1334.9694721847773, 1303.3906316012144, 1288.6271067112684, 1296.6541096419096, 1311.3567179739475, 1348.2054427415133, 1299.0517743229866, 1276.9433366805315, 1309.7239555716515, 1284.486232727766, 1317.8696817159653, 1289.4993133246899, 1288.9559315145016, 1293.188900694251, 1290.599639326334, 1282.9772408604622, 1300.2247173935175], "accuracies": [0.25703905540417804, 0.29427792915531337, 0.29791099000908267, 0.2924613987284287, 0.3442325158946412, 0.32515894641235243, 0.36239782016348776, 0.35240690281562215, 0.3460490463215259, 0.36330608537693004, 0.3642143505903724, 0.35967302452316074, 0.36603088101725706, 0.3851044504995459, 0.37693006357856496, 0.3996366939146231, 0.3978201634877384, 0.39146230699364215, 0.40599455040871935, 0.41326067211625794, 0.40236148955495005, 0.3923705722070845, 0.3996366939146231, 0.4087193460490463, 0.4159854677565849, 0.4069028156221617, 0.4232515894641235, 0.4014532243415077, 0.407811080835604, 0.4032697547683924, 0.4187102633969119, 0.4069028156221617, 0.4232515894641235, 0.4069028156221617, 0.4187102633969119, 0.4259763851044505, 0.4196185286103542, 0.4159854677565849, 0.41689373297002724, 0.4214350590372389, 0.43142597638510444, 0.4232515894641235, 0.4178019981834696, 0.4259763851044505, 0.4187102633969119, 0.42415985467756584, 0.4296094459582198, 0.4159854677565849, 0.4159854677565849, 0.4287011807447775, 0.4223433242506812, 0.42052679382379654, 0.4187102633969119, 0.4305177111716621, 0.4296094459582198, 0.4223433242506812, 0.4268846503178928, 0.4296094459582198, 0.4123524069028156, 0.4305177111716621], "best_model_acc": {"train": 0.43375468164794007, "dev": 0.43142597638510444, "test": 0.4343891402714932}, "configs": {"model_args": {"embedding_dim": 300, "hidden_dim": 100, "output_dim": 5}, "train_args": {"num_iterations": 60000, "print_every": 1000, "eval_every": 1000}, "optim_args": {"lr": 1e-05}, "seed": 42, "use_pretrained_embeddings": true, "pretrained_embeddings_path": "./googlenews.word2vec.300d.txt"}}