{"model_name": "TreeLSTMClassifier", "losses": [392.16374027729034, 349.0256507396698, 327.6652810573578, 320.0976212620735, 313.03282034397125, 308.57194393873215, 308.60167622566223, 303.21572399139404, 299.0653572678566, 298.33534413576126, 295.89449298381805, 290.5541704893112, 291.57297337055206, 289.0620627403259, 286.16018491983414, 282.9679977297783, 279.9411526322365, 279.74407452344894, 275.2914360165596, 269.50329077243805], "accuracies": [0.3178928247048138, 0.3941871026339691, 0.4150772025431426, 0.4323342415985468, 0.43415077202543145, 0.43869209809264303, 0.44504995458673935, 0.4359673024523161, 0.44959128065395093, 0.44686648501362397, 0.44323342415985467, 0.4514078110808356, 0.44323342415985467, 0.45049954586739327, 0.44504995458673935, 0.43869209809264303, 0.45049954586739327, 0.42052679382379654, 0.4332425068119891, 0.4296094459582198], "best_model_acc": {"train": 0.4943820224719101, "dev": 0.4514078110808356, "test": 0.4588235294117647}, "configs": {"model_args": {"embedding_dim": 300, "hidden_dim": 150, "output_dim": 5}, "train_args": {"num_iterations": 5000, "print_every": 250, "eval_every": 250, "batch_size": 25}, "optim_args": {"lr": 0.0002}, "seed": 420, "use_pretrained_embeddings": true, "pretrained_embeddings_path": "./googlenews.word2vec.300d.txt"}}